Category,Item,Priority,Status,Notes,Responsible Party,Completion Date
Content Completeness,All page content finalized and proofread,Critical,Not Started,Review all pages for typos and accuracy,,
Content Completeness,Contact information verified (phone/email/address),Critical,Not Started,Verify all contact details are current and correct,,
Content Completeness,Team member profiles complete with photos,High,Not Started,Check all 5 team members have complete information,,
Content Completeness,All 49 projects have descriptions and images,High,Not Started,Verify project data completeness in Google Sheets,,
Content Completeness,Service descriptions accurate and complete,High,Not Started,Review all 17 services for accuracy,,
Content Completeness,eLibrary content uploaded (all 5 sections),Medium,Not Started,Check standard codes/publications/papers/downloads/newsletters,,
Content Completeness,FAQ content comprehensive (20 questions),Medium,Not Started,Review FAQ for completeness and clarity,,
Content Completeness,Company certifications and credentials listed,High,Not Started,Verify ISO 9001:2015 certification details,,
Content Completeness,Privacy Policy page complete,Critical,Not Started,Legal review recommended,,
Content Completeness,Terms of Service page complete,Critical,Not Started,Legal review recommended,,
Technical - Build,Production build completes without errors,Critical,Not Started,Run npm run build:cloud and verify success,,
Technical - Build,TypeScript type checking passes (0 errors),Critical,Not Started,Run npx tsc --noEmit,,
Technical - Build,ESLint passes with no errors,High,Not Started,Run npm run lint,,
Technical - Build,All environment variables configured,Critical,Not Started,Check .env.cloud has all required variables,,
Technical - Build,Google Sheets API credentials valid,Critical,Not Started,Test Google Sheets connection,,
Technical - Build,CSV fallback files up to date,High,Not Started,Ensure all CSV files exported from latest Sheets data,,
Technical - Build,Static export generates correctly,Critical,Not Started,Verify out/ directory contains all pages,,
Technical - Build,No hardcoded development URLs,Critical,Not Started,Search codebase for localhost references,,
Technical - Functionality,All navigation links work (no 404s),Critical,Not Started,Test every menu item and footer link,,
Technical - Functionality,Interactive project map loads and functions,Critical,Not Started,Test map clustering/markers/popups/filters,,
Technical - Functionality,Photo galleries work (all carousels),High,Not Started,Test Embla carousel on all pages,,
Technical - Functionality,Service filtering and search work,High,Not Started,Test service category filters,,
Technical - Functionality,Contact forms submit successfully,Critical,Not Started,Test form validation and submission,,
Technical - Functionality,Career application form works,High,Not Started,Test file upload and form submission,,
Technical - Functionality,Mobile navigation menu functions,Critical,Not Started,Test hamburger menu on mobile devices,,
Technical - Functionality,Evolution timeline animations work,Medium,Not Started,Test Framer Motion timeline on About page,,
Technical - Functionality,eLibrary document links work,High,Not Started,Test all PDF downloads and external links,,
Technical - Functionality,Search functionality works (if implemented),Medium,Not Started,Test site search if available,,
Performance,Lighthouse Performance score > 90,High,Not Started,Run Lighthouse audit on key pages,,
Performance,Lighthouse Accessibility score > 90,High,Not Started,Test with Lighthouse and fix issues,,
Performance,Lighthouse Best Practices score > 90,High,Not Started,Address all best practice warnings,,
Performance,Lighthouse SEO score > 90,High,Not Started,Fix SEO issues identified by Lighthouse,,
Performance,Page load time < 3 seconds (desktop),High,Not Started,Test with slow 3G throttling,,
Performance,Page load time < 5 seconds (mobile),High,Not Started,Test on actual mobile devices,,
Performance,Images optimized (WebP/compressed),High,Not Started,Check image sizes and formats,,
Performance,Core Web Vitals passing,High,Not Started,LCP < 2.5s/FID < 100ms/CLS < 0.1,,
Performance,Bundle size optimized,Medium,Not Started,Check JavaScript bundle size,,
Performance,Lazy loading implemented for images,Medium,Not Started,Verify images load progressively,,
Performance,Font loading optimized,Medium,Not Started,Check for FOUT/FOIT issues,,
SEO & Metadata,Unique meta titles on all pages,Critical,Not Started,Check title tags (50-60 characters),,
SEO & Metadata,Unique meta descriptions on all pages,Critical,Not Started,Check descriptions (150-160 characters),,
SEO & Metadata,Open Graph tags configured,High,Not Started,Test social media sharing preview,,
SEO & Metadata,Twitter Card tags configured,Medium,Not Started,Test Twitter sharing preview,,
SEO & Metadata,Canonical URLs set correctly,High,Not Started,Verify canonical tags on all pages,,
SEO & Metadata,Sitemap.xml generated and submitted,Critical,Not Started,Generate sitemap and submit to Google,,
SEO & Metadata,Robots.txt configured properly,Critical,Not Started,Verify robots.txt allows crawling,,
SEO & Metadata,Schema.org structured data added,High,Not Started,Add Organization/LocalBusiness schema,,
SEO & Metadata,Alt text on all images,High,Not Started,Verify all images have descriptive alt text,,
SEO & Metadata,Heading hierarchy correct (H1-H6),Medium,Not Started,Check proper heading structure,,
SEO & Metadata,Internal linking structure optimized,Medium,Not Started,Review internal link strategy,,
SEO & Metadata,Google Search Console configured,Critical,Not Started,Add property and verify ownership,,
SEO & Metadata,Google My Business listing updated,High,Not Started,Ensure business info matches website,,
Security,HTTPS/SSL certificate installed,Critical,Not Started,Verify site loads with https://,,
Security,SSL certificate auto-renewal configured,Critical,Not Started,Check certificate expiry and renewal,,
Security,No API keys/secrets in client code,Critical,Not Started,Search codebase for exposed credentials,,
Security,Security headers configured,High,Not Started,Check X-Frame-Options/CSP/HSTS headers,,
Security,CORS policy configured correctly,High,Not Started,Test API CORS if applicable,,
Security,Content Security Policy (CSP) set,High,Not Started,Configure CSP header,,
Security,Dependency vulnerabilities checked,High,Not Started,Run npm audit and fix issues,,
Security,Rate limiting on forms (if applicable),Medium,Not Started,Prevent spam/abuse on contact forms,,
Security,.env files properly gitignored,Critical,Not Started,Verify no secrets committed to Git,,
Security,Service account permissions minimal,High,Not Started,Google Sheets service account has Viewer only,,
Browser/Device Testing,Chrome desktop (latest),Critical,Not Started,Test all functionality,,
Browser/Device Testing,Firefox desktop (latest),Critical,Not Started,Test all functionality,,
Browser/Device Testing,Safari desktop (latest),Critical,Not Started,Test all functionality (macOS),,
Browser/Device Testing,Edge desktop (latest),High,Not Started,Test all functionality,,
Browser/Device Testing,Chrome mobile (Android),Critical,Not Started,Test on actual Android device,,
Browser/Device Testing,Safari mobile (iOS),Critical,Not Started,Test on actual iPhone/iPad,,
Browser/Device Testing,Tablet devices (iPad/Android),High,Not Started,Test responsive layout on tablets,,
Browser/Device Testing,Touch interactions work,High,Not Started,Test taps/swipes/pinch-zoom on mobile,,
Browser/Device Testing,Landscape orientation works,Medium,Not Started,Test mobile/tablet in landscape mode,,
Browser/Device Testing,Small screens (320px width),High,Not Started,Test on iPhone SE size,,
Browser/Device Testing,Large screens (1920px+ width),Medium,Not Started,Test on large desktop monitors,,
Analytics & Monitoring,Google Analytics installed,High,Not Started,Add GA4 tracking code,,
Analytics & Monitoring,Google Analytics goals configured,Medium,Not Started,Set up conversion goals (form submissions),,
Analytics & Monitoring,Error tracking configured (Sentry/etc),Medium,Not Started,Set up error monitoring service,,
Analytics & Monitoring,Uptime monitoring configured,High,Not Started,Set up UptimeRobot or similar service,,
Analytics & Monitoring,Performance monitoring setup,Medium,Not Started,Configure real user monitoring,,
Analytics & Monitoring,Analytics privacy compliant,High,Not Started,Ensure GDPR/privacy law compliance,,
Analytics & Monitoring,Cookie consent banner (if required),High,Not Started,Add cookie consent if using analytics,,
Deployment,Production domain configured,Critical,Not Started,Point domain to hosting server,,
Deployment,DNS records propagated,Critical,Not Started,Verify domain resolves correctly,,
Deployment,GitHub Pages deployment working,Critical,Not Started,Test cloudflare branch auto-deployment,,
Deployment,Custom domain CNAME configured,Critical,Not Started,Configure CNAME for GitHub Pages,,
Deployment,404 error page configured,High,Not Started,Create custom 404.html page,,
Deployment,Redirect rules configured (www/non-www),High,Not Started,Ensure consistent URL structure,,
Deployment,CDN configured (Cloudflare R2),High,Not Started,Test R2 media delivery,,
Deployment,Backup strategy documented,High,Not Started,Document backup procedures,,
Deployment,Rollback procedure documented,High,Not Started,Document how to revert deployment,,
Deployment,Production environment variables set,Critical,Not Started,Verify all env vars in production,,
Deployment,rclone sync working (Google Drive to R2),High,Not Started,Test automated media sync,,
Deployment,GitHub Actions workflow tested,Critical,Not Started,Verify CI/CD pipeline succeeds,,
Accessibility,WCAG 2.1 AA compliance checked,High,Not Started,Use accessibility checker tools,,
Accessibility,Keyboard navigation works,High,Not Started,Test Tab/Enter/Escape navigation,,
Accessibility,Screen reader tested (NVDA/JAWS),High,Not Started,Test with actual screen reader,,
Accessibility,Color contrast ratios meet WCAG,High,Not Started,Check contrast for all text/backgrounds,,
Accessibility,Focus indicators visible,High,Not Started,Verify focus outlines on interactive elements,,
Accessibility,ARIA labels on interactive elements,High,Not Started,Add aria-label where needed,,
Accessibility,Skip to main content link,Medium,Not Started,Add skip link for keyboard users,,
Accessibility,Form labels properly associated,High,Not Started,Verify all form inputs have labels,,
Accessibility,Video/audio has captions (if applicable),Medium,Not Started,Add captions for multimedia content,,
Content Management,Google Sheets data synced,Critical,Not Started,Run npm run build:content:cloud,,
Content Management,All 18 sheet tabs connected,Critical,Not Started,Verify all tabs in Sheet Tab Mapping doc,,
Content Management,CSV exports committed to Git,High,Not Started,Commit latest CSV files,,
Content Management,Team trained on Google Sheets editing,High,Not Started,Train non-technical team on editing Sheets,,
Content Management,Content update workflow documented,High,Not Started,Document sync procedure for team,,
Content Management,Service account permissions correct,Critical,Not Started,Verify Viewer access to main Sheet,,
Content Management,Fallback system tested,High,Not Started,Test CSV fallback when Sheets unavailable,,
Legal & Compliance,Privacy Policy reviewed by legal,Critical,Not Started,Legal review recommended,,
Legal & Compliance,Terms of Service reviewed by legal,Critical,Not Started,Legal review recommended,,
Legal & Compliance,Cookie policy compliant,High,Not Started,If using cookies ensure compliance,,
Legal & Compliance,GDPR compliance (if EU users),Medium,Not Started,Check GDPR requirements if applicable,,
Legal & Compliance,Copyright notices on footer,Medium,Not Started,Add copyright year and company name,,
Legal & Compliance,Third-party licenses documented,Low,Not Started,Document open source dependencies,,
Final Checks,Favicon displayed correctly,Medium,Not Started,Check favicon on all browsers,,
Final Checks,Social media links work,High,Not Started,Test all social media links in footer,,
Final Checks,Email links use mailto: protocol,Medium,Not Started,Verify email links open email client,,
Final Checks,Phone links use tel: protocol,Medium,Not Started,Verify phone links work on mobile,,
Final Checks,Print styles configured,Low,Not Started,Test print preview of pages,,
Final Checks,Placeholder content removed,Critical,Not Started,Search for lorem ipsum or TODO comments,,
Final Checks,Development console.logs removed,High,Not Started,Search for console.log in production code,,
Final Checks,Commented code cleaned up,Medium,Not Started,Remove unnecessary commented code blocks,,
Final Checks,README updated with production info,Medium,Not Started,Update README with go-live details,,
Final Checks,CHANGELOG updated,Low,Not Started,Document v1.0.0 release notes,,
Final Checks,Team contacted about go-live,High,Not Started,Notify team of launch date/time,,
Final Checks,Support contacts prepared,High,Not Started,Ensure someone available for issues,,
Final Checks,Success metrics defined,Medium,Not Started,Define what success looks like post-launch,,
Post-Launch,Monitor error logs (24-48 hours),Critical,Not Started,Watch for unexpected errors,,
Post-Launch,Monitor analytics (first week),High,Not Started,Track traffic and user behavior,,
Post-Launch,Monitor uptime (first week),Critical,Not Started,Ensure site stays online,,
Post-Launch,Gather user feedback,Medium,Not Started,Collect feedback from stakeholders,,
Post-Launch,Address critical bugs immediately,Critical,Not Started,Fix any critical issues ASAP,,
Post-Launch,Schedule content review (1 month),Medium,Not Started,Review and update content monthly,,