"year","title","description","image","featured"
"2015","Foundation Established","NS Engineering & Geotechnical Services begins operations with a commitment to quality, integrity, and scientific excellence in Nepal's geotechnical sector.","IMG_2968.JPG","TRUE"
"2017","Advanced Equipment","Invested in state-of-the-art drilling and testing equipment. Achieved capacity for rotary drilling up to 700m depth.","IMG_2970.JPG","FALSE"
"2018","Major Projects","Secured contracts for major infrastructure projects including roads, bridges, and hydropower facilities across Nepal.","IMG_2971.JPG","FALSE"
"2019","ISO 9001:2015 Certification","Achieved ISO 9001:2015 certification, demonstrating commitment to quality management systems and customer satisfaction.","IMG_2972.JPG","FALSE"
"2020","Geophysical Services Launch","Expanded service portfolio to include MASW, ERT, and seismic refraction surveys. Strengthened capabilities in geophysical investigations.","IMG_2973.JPG","FALSE"
"2021","Laboratory Enhancement","Upgraded laboratory facility in Lalitpur with cutting-edge testing equipment for soil, rock, and materials analysis.","IMG_2974.JPG","FALSE"
"2022","Pile Testing Excellence","Introduced advanced pile testing services including PDA, PIT, and cross-hole sonic logging with international standard equipment.","IMG_2975.JPG","FALSE"
"2023","International Collaboration","Worked with consulting firms from China, Japan, Germany, UK, France, Canada, and 10+ other countries on complex projects.","IMG_2976.JPG","FALSE"
"2024","Continuous Innovation","Ongoing investment in technology, training, and methodologies. Committed to staying at the forefront of geotechnical engineering.","IMG_2977.JPG","FALSE"
